{
    "test_viclevr_loss": 5.975942961713101,
    "test_viclevr_loss_answer_type": 1.0843414619882057,
    "test_viclevr_loss_answer_binary": 0.6964679759867648,
    "test_viclevr_loss_answer_reg": 1.6164157175003213,
    "test_viclevr_loss_answer_attr": 2.5787178392105914,
    "test_viclevr_loss_answer_type_unscaled": 1.0843414619882057,
    "test_viclevr_accuracy_answer_type_unscaled": 0.4072473404255319,
    "test_viclevr_loss_answer_binary_unscaled": 0.6964679759867648,
    "test_viclevr_accuracy_answer_binary_unscaled": 0.4757495230024165,
    "test_viclevr_loss_answer_reg_unscaled": 1.6164157175003213,
    "test_viclevr_accuracy_answer_reg_unscaled": 0.32433933186087205,
    "test_viclevr_loss_answer_attr_unscaled": 2.5787178392105914,
    "test_viclevr_accuracy_answer_attr_unscaled": 0.12658308252216655,
    "test_viclevr_accuracy_answer_total_unscaled": 0.19581117021276595,
    "test_viclevr_report_accuracy_unscaled": 0.3214760638297872,
    "test_viclevr_report_weighted_f1_unscaled": 0.16724724003183158,
    "test_viclevr_report_weighted_precision_unscaled": 0.1156707114361702,
    "test_viclevr_report_weighted_recall_unscaled": 0.3214760638297872,
    "test_viclevr_report_macro_f1_unscaled": 0.08076598160291917,
    "test_viclevr_report_macro_precision_unscaled": 0.054966913627152995,
    "test_viclevr_report_macro_recall_unscaled": 0.164861955420466,
    "n_parameters": 153728171
}